transaction_date,transaction_count,transaction_value,successful_transactions,failed_transactions,pending_transactions,chargeback_transactions,fraud_chargeback_transactions,high_risk_transactions,chargeback_ratio,fraud_chargeback_ratio
2026-01-01,215,2333349.44,189,21,5,27,6,6,0.12558139534883722,0.027906976744186046
2026-01-02,198,2148265.31,169,20,9,20,8,8,0.10101010101010101,0.04040404040404041
2026-01-03,219,2310321.9,190,19,10,31,10,10,0.1415525114155251,0.045662100456621
2026-01-04,180,2090475.91,153,17,10,20,3,3,0.1111111111111111,0.016666666666666666
2026-01-05,165,1607738.68,141,16,8,19,8,8,0.11515151515151516,0.048484848484848485
2026-01-06,182,2032604.09,144,29,9,19,8,8,0.1043956043956044,0.04395604395604396
2026-01-07,171,1791775.4,152,12,7,21,6,6,0.12280701754385964,0.03508771929824561
2026-01-08,178,1835813.65,149,19,10,17,7,7,0.09550561797752809,0.03932584269662921
2026-01-09,185,2010051.85,168,15,2,24,7,7,0.12972972972972974,0.03783783783783784
2026-01-10,197,2038445.1,169,21,7,19,7,7,0.09644670050761421,0.03553299492385787
2026-01-11,184,1907386.09,156,17,11,25,10,10,0.1358695652173913,0.05434782608695652
2026-01-12,206,2399335.22,183,18,5,18,5,5,0.08737864077669903,0.024271844660194174
2026-01-13,233,2504717.96,198,20,15,28,11,11,0.12017167381974249,0.04721030042918455
2026-01-14,245,2612864.08,217,19,9,23,11,11,0.09387755102040816,0.044897959183673466
2026-01-15,233,2500960.35,198,23,12,33,15,15,0.14163090128755365,0.06437768240343347
2026-01-16,211,2404314.44,181,20,10,27,11,11,0.12796208530805686,0.052132701421800945
2026-01-17,213,2130674.86,180,23,10,30,15,15,0.14084507042253522,0.07042253521126761
2026-01-18,226,2420464.46,198,19,9,27,15,15,0.11946902654867257,0.06637168141592921
2026-01-19,214,2219832.69,183,21,10,26,10,10,0.12149532710280374,0.04672897196261682
2026-01-20,218,2125816.11,194,16,8,34,10,10,0.1559633027522936,0.045871559633027525
2026-01-21,207,2363713.99,182,12,13,29,10,11,0.14009661835748793,0.04830917874396135
2026-01-22,222,2231737.7,190,19,13,24,8,8,0.10810810810810811,0.036036036036036036
2026-01-23,202,2218228.11,163,22,17,33,12,12,0.16336633663366337,0.0594059405940594
2026-01-24,206,2089608.4,177,19,10,24,4,4,0.11650485436893204,0.019417475728155338
2026-01-25,202,2376830.7,174,13,15,27,8,8,0.13366336633663367,0.039603960396039604
2026-01-26,215,2198352.67,179,26,10,36,11,12,0.16744186046511628,0.05116279069767442
2026-01-27,224,2581214.77,193,23,8,23,7,7,0.10267857142857142,0.03125
2026-01-28,232,2480829.88,199,24,9,36,11,11,0.15517241379310345,0.04741379310344827
2026-01-29,217,2242911.71,182,22,13,29,14,14,0.1336405529953917,0.06451612903225806
2026-01-30,242,2705284.66,212,20,10,30,13,13,0.12396694214876033,0.05371900826446281
2026-01-31,236,2294006.54,195,27,14,28,13,13,0.11864406779661017,0.05508474576271186
2026-02-01,217,2409294.85,181,19,17,23,12,12,0.10599078341013825,0.055299539170506916
2026-02-02,218,2457973.29,190,18,10,25,7,7,0.11467889908256881,0.03211009174311927
2026-02-03,194,2093817.73,163,25,6,24,10,10,0.12371134020618557,0.05154639175257732
2026-02-04,169,1617367.9,146,13,10,20,7,7,0.11834319526627218,0.04142011834319527
2026-02-05,165,1581097.94,142,17,6,16,2,2,0.09696969696969697,0.012121212121212121
2026-02-06,200,1928642.78,164,25,11,26,7,7,0.13,0.035
2026-02-07,201,2101769.71,178,13,10,26,8,8,0.12935323383084577,0.03980099502487562
2026-02-08,170,1585606.36,135,22,13,22,6,6,0.12941176470588237,0.03529411764705882
2026-02-09,165,1743135.1199999999,135,17,13,14,5,5,0.08484848484848485,0.030303030303030304
2026-02-10,183,2088101.35,162,15,6,16,3,3,0.08743169398907104,0.01639344262295082
2026-02-11,199,2121402.85,168,22,9,24,6,6,0.12060301507537688,0.03015075376884422
2026-02-12,175,1997097.6199999999,152,18,5,20,6,6,0.11428571428571428,0.03428571428571429
2026-02-13,221,2435035.25,187,26,8,29,9,9,0.13122171945701358,0.04072398190045249
2026-02-14,237,2736343.63,196,29,12,31,10,10,0.1308016877637131,0.04219409282700422
2026-02-15,213,2182575.52,174,25,14,27,11,11,0.1267605633802817,0.051643192488262914
2026-02-16,222,2408136.59,190,20,12,31,5,5,0.13963963963963963,0.02252252252252252
2026-02-17,249,2458147.25,208,28,13,27,11,11,0.10843373493975904,0.04417670682730924
2026-02-18,227,2461952.51,190,24,13,27,7,7,0.11894273127753303,0.030837004405286344
2026-02-19,203,2253745.54,170,22,11,21,10,11,0.10344827586206896,0.04926108374384237
2026-02-20,223,2442057.44,198,16,9,21,8,8,0.09417040358744394,0.03587443946188341
2026-02-21,208,2285530.03,176,21,11,28,9,9,0.1346153846153846,0.04326923076923077
2026-02-22,214,2290256.84,187,17,10,29,10,10,0.13551401869158877,0.04672897196261682
2026-02-23,226,2447466.55,188,29,9,30,7,7,0.13274336283185842,0.030973451327433628
2026-02-24,220,2057329.33,184,20,16,28,10,10,0.12727272727272726,0.045454545454545456
2026-02-25,243,2440784.02,200,30,13,32,10,10,0.13168724279835392,0.0411522633744856
2026-02-26,214,2289015.44,184,24,6,27,6,7,0.1261682242990654,0.028037383177570093
2026-02-27,221,2450467.09,190,19,12,24,12,12,0.1085972850678733,0.05429864253393665
2026-02-28,226,2482187.63,192,21,13,32,17,17,0.1415929203539823,0.0752212389380531
2026-03-01,205,2342918.26,181,13,11,25,10,10,0.12195121951219512,0.04878048780487805
2026-03-02,217,2277742.1,178,30,9,25,10,10,0.1152073732718894,0.04608294930875576
2026-03-03,218,2454317.06,179,22,17,19,10,10,0.0871559633027523,0.045871559633027525
2026-03-04,195,1822830.41,161,18,16,27,8,9,0.13846153846153847,0.041025641025641026
2026-03-05,196,2176429.47,171,16,9,25,9,9,0.12755102040816327,0.04591836734693878
2026-03-06,175,1885250.17,147,15,13,16,8,8,0.09142857142857143,0.045714285714285714
2026-03-07,190,2055841.36,158,14,18,20,4,4,0.10526315789473684,0.021052631578947368
2026-03-08,193,2191366.62,172,14,7,35,8,8,0.18134715025906736,0.04145077720207254
2026-03-09,193,2152581.29,170,17,6,23,9,9,0.11917098445595854,0.046632124352331605
2026-03-10,194,2049933.11,170,20,4,18,9,9,0.09278350515463918,0.04639175257731959
2026-03-11,164,1786725.4,140,18,6,26,9,9,0.15853658536585366,0.054878048780487805
2026-03-12,180,1919955.15,163,13,4,21,10,10,0.11666666666666667,0.05555555555555555
2026-03-13,240,2498276.85,202,28,10,24,9,10,0.1,0.0375
2026-03-14,216,2218858.98,179,24,13,27,15,15,0.125,0.06944444444444445
2026-03-15,209,2139353.89,187,14,8,35,14,14,0.1674641148325359,0.06698564593301436
2026-03-16,254,2989920.0,213,27,14,32,8,8,0.12598425196850394,0.031496062992125984
2026-03-17,209,2122939.86,177,24,8,32,14,14,0.15311004784688995,0.06698564593301436
2026-03-18,231,2491418.46,195,24,12,32,10,10,0.13852813852813853,0.04329004329004329
2026-03-19,216,2352756.23,181,22,13,33,12,12,0.1527777777777778,0.05555555555555555
2026-03-20,232,2416582.74,193,24,15,24,8,8,0.10344827586206896,0.034482758620689655
2026-03-21,226,2214100.09,189,24,13,27,12,12,0.11946902654867257,0.05309734513274336
2026-03-22,198,2265183.16,164,24,10,32,6,6,0.16161616161616163,0.030303030303030304
2026-03-23,206,2387820.55,175,15,16,24,8,8,0.11650485436893204,0.038834951456310676
2026-03-24,216,2527911.1,187,19,10,28,14,14,0.12962962962962962,0.06481481481481481
2026-03-25,213,2448298.15,189,19,5,29,8,8,0.13615023474178403,0.03755868544600939
2026-03-26,214,2546749.87,179,24,11,29,12,13,0.13551401869158877,0.056074766355140186
2026-03-27,225,2256428.64,197,22,6,27,9,10,0.12,0.04
2026-03-28,199,2184157.59,171,19,9,21,8,8,0.10552763819095477,0.04020100502512563
2026-03-29,200,2201634.82,172,20,8,32,8,8,0.16,0.04
2026-03-30,210,2207490.73,179,24,7,16,7,7,0.0761904761904762,0.03333333333333333
2026-03-31,233,2525337.96,204,20,9,22,7,7,0.0944206008583691,0.030042918454935622
2026-04-01,38,501851.52999999997,33,4,1,5,3,3,0.13157894736842105,0.07894736842105263
2026-04-02,47,457067.35,36,8,3,3,1,1,0.06382978723404255,0.02127659574468085
2026-04-03,44,448784.83,41,2,1,4,2,3,0.09090909090909091,0.045454545454545456
2026-05-01,41,425268.92,35,2,4,4,3,3,0.0975609756097561,0.07317073170731707
2026-05-02,48,499965.1,42,3,3,5,1,1,0.10416666666666667,0.020833333333333332
2026-05-03,49,445194.46,36,5,8,8,2,2,0.16326530612244897,0.04081632653061224
2026-06-01,44,426686.95999999996,34,7,3,5,2,2,0.11363636363636363,0.045454545454545456
2026-06-02,42,395572.0,34,6,2,5,1,1,0.11904761904761904,0.023809523809523808
2026-06-03,51,566859.8099999999,42,7,2,2,0,0,0.0392156862745098,0.0
2026-07-01,39,414148.04,35,2,2,6,3,3,0.15384615384615385,0.07692307692307693
2026-07-02,40,372540.92,30,8,2,5,2,2,0.125,0.05
2026-07-03,45,406704.45,39,4,2,4,2,2,0.08888888888888889,0.044444444444444446
2026-08-01,47,408664.13,41,3,3,7,3,3,0.14893617021276595,0.06382978723404255
2026-08-02,49,608001.7,42,5,2,4,3,3,0.08163265306122448,0.061224489795918366
2026-08-03,52,591955.04,46,2,4,8,5,5,0.15384615384615385,0.09615384615384616
2026-09-01,53,571385.64,46,5,2,8,2,2,0.1509433962264151,0.03773584905660377
2026-09-02,33,331257.83,28,3,2,6,1,1,0.18181818181818182,0.030303030303030304
2026-09-03,49,621433.41,43,4,2,6,1,1,0.12244897959183673,0.02040816326530612
2026-10-01,52,688788.2,47,4,1,7,3,3,0.1346153846153846,0.057692307692307696
2026-10-02,51,455120.22000000003,41,8,2,3,1,1,0.058823529411764705,0.0196078431372549
2026-10-03,38,354065.26,32,4,2,4,1,1,0.10526315789473684,0.02631578947368421
2026-11-01,44,472690.96,37,5,2,3,1,1,0.06818181818181818,0.022727272727272728
2026-11-02,43,471073.27,35,5,3,4,3,3,0.09302325581395349,0.06976744186046512
2026-11-03,47,529994.33,40,5,2,8,1,1,0.1702127659574468,0.02127659574468085
2026-12-01,45,418768.54,43,2,0,8,4,4,0.17777777777777778,0.08888888888888889
2026-12-02,49,501083.66,39,7,3,3,2,2,0.061224489795918366,0.04081632653061224
2026-12-03,52,507371.79,45,1,6,3,2,2,0.057692307692307696,0.038461538461538464
